{"min": [-0.566686, -0.562112, -0.582586], "max": [0.578342, 0.995037, 0.562442]}