{"min": [-0.334463, -0.614998, -0.338733], "max": [0.337127, 0.973673, 0.417387]}